round,distill_loss,hr,hdcg
0,0.000975309636851307,0.19300106044538706,0.0829253910694084
1,0.002873833355261013,0.19406150583244963,0.10783735765444134
2,0.0031839985895203426,0.20254506892895016,0.11063287141064383
3,0.002501990375458263,0.2046659597030753,0.1113619379665942
4,0.0027602988771832314,0.18769883351007424,0.10488900315539118
5,0.0032414690344012343,0.21845174973488865,0.12035266794691506
6,0.002169574195431778,0.20890774125132555,0.12239404216480161
7,0.002775225576988305,0.21845174973488865,0.12916812582662207
8,0.0026122174713236745,0.20360551431601273,0.10696674743739516
9,0.0027989584340502916,0.19088016967126192,0.10380323543556755
10,0.0032464635791257025,0.20042417815482502,0.10903348466320714
11,0.00231525748513377,0.21527041357370094,0.11442117027072539
12,0.0017358874896672206,0.24602332979851538,0.13006827621435574
13,0.001648628231487237,0.2449628844114528,0.1381910127826718
14,0.002245094702084316,0.28525980911983034,0.1653806244097912
15,0.0012635239154974442,0.2651113467656416,0.15526126491375478
16,0.0016826712230454178,0.26935312831389185,0.15575291661516927
17,0.0023507752696104943,0.26193001060445387,0.15677929440606134
18,0.0021195697465827834,0.22693531283138918,0.1407335781729348
19,0.0026808829854417125,0.264050901378579,0.14135727820067917
20,0.0024427292810287327,0.24602332979851538,0.13539747340621758
21,0.001847426064193769,0.25026511134676566,0.14146914341472253
22,0.001994046372601588,0.1919406150583245,0.1010058585715837
23,0.001895047647121828,0.2205726405090138,0.11236712939974816
24,0.002065214148024097,0.22163308589607636,0.10962616791522357
25,0.001757329968677368,0.2417815482502651,0.11877413714297247
26,0.004088227872125571,0.20572640509013787,0.10454405472354028
27,0.002203125612140866,0.19936373276776245,0.09840964801642878
28,0.0026592932860125982,0.2205726405090138,0.10600866425814844
29,0.001988803919266502,0.23435843054082714,0.11660381426564517
30,0.0015281490974302868,0.22799575821845175,0.11469595650756147
31,0.001946920545924513,0.23223753976670203,0.11414895754350923
32,0.0019393161554035032,0.2258748674443266,0.11159362265364278
33,0.0018078247038374683,0.24072110286320256,0.11505121907932644
34,0.0029094167814037062,0.2545068928950159,0.12743629374805174
35,0.001962048516315917,0.2576882290562036,0.12860998804730658
36,0.002522284382257567,0.24390243902439024,0.1205046771284011
37,0.002125500506735989,0.23223753976670203,0.1221450883821892
38,0.001826576089297305,0.2651113467656416,0.1422497017825048
39,0.0011414527038141387,0.2682926829268293,0.14226849129464428
40,0.0022385888912140215,0.25556733828207845,0.13753351556167426
41,0.0011342641400915454,0.24708377518557795,0.1315600239935304
42,0.002559269332459735,0.2576882290562036,0.1347503097317178
43,0.0017867119014908894,0.28207847295864263,0.1491464615152907
44,0.002242365029746907,0.25556733828207845,0.14668222870789555
45,0.0014009857390192338,0.2735949098621421,0.15756448920212646
46,0.0011331277456065436,0.2417815482502651,0.1427114276974541
47,0.001954141987425828,0.2576882290562036,0.14739639095414558
48,0.00233580999752121,0.256627783669141,0.14960022877301216
49,0.0016390135345545787,0.2979851537645811,0.16636827848554095
50,0.0014477150467342881,0.31601272534464475,0.18229631163165697
51,0.0010611839191369654,0.3107104984093319,0.17910679915919442
52,0.0021909704076279015,0.2990455991516437,0.17153505441315375
53,0.0014667150339846557,0.2863202545068929,0.15592550657097642
54,0.0014177963092947721,0.30010604453870626,0.17185035435309298
55,0.0018776559658590485,0.32025450689289503,0.18051513371268804
56,0.0015100020722627506,0.33085896076352067,0.1912830749386464
57,0.0011200518001714954,0.2979851537645811,0.1723406583213355
58,0.0011299725676508388,0.32237539766702017,0.18531738396338196
59,0.0010242758643471462,0.3372216330858961,0.19599482140916838
60,0.0007111462015018333,0.3329798515376458,0.19452101956338638
61,0.0012744502747523256,0.33828207847295866,0.19615371746581572
62,0.0013335235611521058,0.3488865323435843,0.20466007542724685
63,0.0015901178480362433,0.3266171792152704,0.20083531048048123
64,0.0013338981918366243,0.33934252386002123,0.20056838930262644
65,0.0013596269246647808,0.32873806998939553,0.20056862452582186
66,0.0006237070098904951,0.2863202545068929,0.16891244175291822
67,0.0008823977510928671,0.2767762460233298,0.1555352743116696
68,0.0022905115509274767,0.30116648992576883,0.17622460335281498
69,0.0014344471503591194,0.30328738069989397,0.1690890969781073
70,0.0012472532539618442,0.29692470837751855,0.162873784667533
71,0.0015618101568179554,0.29056203605514314,0.1669755973518581
72,0.0013795969097827765,0.3181336161187699,0.17943341763374088
73,0.001393302708925148,0.31919406150583246,0.18002526628827956
74,0.0011394122030651487,0.3266171792152704,0.1834999570848157
75,0.0009198721889333683,0.32343584305408274,0.1770963533013117
76,0.0010821162586580613,0.2725344644750795,0.15916089940080097
77,0.0006353449637117592,0.32873806998939553,0.18974875739944339
78,0.0015640547913790214,0.3488865323435843,0.20574572614844527
79,0.0010840061693670577,0.3244962884411453,0.18369190782418995
80,0.0012194280736821383,0.3181336161187699,0.18742299867473824
81,0.0010582891800368088,0.31283138918345704,0.18188282951981385
82,0.0006284496265834605,0.29374337221633084,0.16454933527036067
83,0.0005007065377867548,0.2651113467656416,0.14534762066345036
84,0.0009313052605648409,0.31601272534464475,0.17929289598538706
85,0.0010725964963057776,0.256627783669141,0.15080957929546956
86,0.0007371612147835549,0.2831389183457052,0.16362539767134696
87,0.001061962229562141,0.295864262990456,0.1646646559082742
88,0.0015524092617852149,0.2767762460233298,0.1594882018181401
89,0.001710244751029677,0.30328738069989397,0.16301686925182604
90,0.0004703949698523502,0.26617179215270415,0.14487381623980639
91,0.002219946831655761,0.2916224814422057,0.15244337152450305
92,0.002052713394368766,0.28950159066808057,0.15113617388776154
93,0.000568146915475154,0.2926829268292683,0.1531734946324674
94,0.0010263146186844097,0.3107104984093319,0.15878689169284557
95,0.0005188985505810706,0.3117709437963945,0.16485518049221393
96,0.001600369941183999,0.3107104984093319,0.16773819363082332
97,0.0015069159049517112,0.352067868504772,0.19321561757647115
98,0.0009986131260149023,0.3372216330858961,0.17455431469283456
99,0.0015036374757869454,0.34358430540827145,0.18030236494580915
100,0.0012222331125371967,0.33085896076352067,0.17772970122209059
101,0.001365707494187518,0.3584305408271474,0.1898055237283302
102,0.0009158505344203149,0.35737009544008486,0.19532818285735754
103,0.0009330077696631633,0.3531283138918346,0.20080279951094046
104,0.0010702454981355914,0.37751855779427357,0.2163157292284959
105,0.0012924943016969336,0.3552492046659597,0.20599629621901558
106,0.0008436599982815096,0.3944856839872747,0.22916019816613026
107,0.000910175782883016,0.3902439024390244,0.22502844602253425
108,0.00090780452552508,0.383881230116649,0.2253472791142189
109,0.0005408115346654085,0.3743372216330859,0.22070065184669
110,0.0011964571370754128,0.35737009544008486,0.21399891948747557
111,0.00168192351501375,0.34676564156945916,0.20813407420044575
112,0.0013622395147649513,0.3679745493107105,0.21846120631892854
113,0.0007042479749543417,0.32237539766702017,0.19257016976497923
114,0.00072963010256899,0.3552492046659597,0.21960939559214693
115,0.0013497941756099863,0.35737009544008486,0.2182266687446068
116,0.0007711977435974404,0.3552492046659597,0.22235248823214823
117,0.0010849111063180317,0.34994697773064687,0.22077800932932007
118,0.0012508462355981464,0.3531283138918346,0.2218193604337926
119,0.000714709991473228,0.3340402969247084,0.21409205404020007
120,0.0010389259930434491,0.3605514316012725,0.22143388953225748
121,0.0009185961929688346,0.3647932131495228,0.23292302034701112
122,0.0008699803736249123,0.37751855779427357,0.23723414758415579
123,0.0013713056541746482,0.391304347826087,0.2319874405078075
124,0.0005681490893039154,0.39236479321314954,0.24045169107213354
125,0.0006515209323652016,0.4050901378579003,0.24912769006003385
126,0.0008733650721296726,0.3997879109225875,0.25196934197292825
127,0.0007520264808590582,0.38494167550371156,0.23274384773155254
128,0.0006999997770435584,0.39660657476139977,0.23839968304649847
129,0.0007318813294659776,0.4178154825026511,0.23669334326908745
130,0.00076367388755898,0.3997879109225875,0.2483835324705483
131,0.0006327083423457225,0.40721102863202546,0.2580562641226867
132,0.0004762038392073009,0.39236479321314954,0.24917869694369094
133,0.0006433069425838767,0.4252386002120891,0.26860852221664566
134,0.0006594963282623212,0.41569459172852596,0.26206488544499096
135,0.0007990824897660786,0.43160127253446445,0.2716561535495087
136,0.0010832805866812123,0.3997879109225875,0.2495621662363704
137,0.0007593039615130693,0.4220572640509014,0.26596545511434677
138,0.0008728661140516181,0.41145281018027574,0.26894919157668723
139,0.0008289607930464626,0.41039236479321317,0.2626368685437524
140,0.0009956743866496253,0.40721102863202546,0.25830689399582707
141,0.0006979194611858475,0.4029692470837752,0.2545664351690772
142,0.0008109710781354807,0.39660657476139977,0.2465854906695729
143,0.0008145143739056948,0.3987274655355249,0.23496868461386544
144,0.0007169380377490597,0.391304347826087,0.24054175476442413
145,0.0012720097283387855,0.3934252386002121,0.2490544574156707
146,0.0007496976100810571,0.39766702014846234,0.2474973430217249
147,0.0009606007353340828,0.3997879109225875,0.24381638445408926
148,0.000786050799183613,0.4050901378579003,0.24315759379138055
149,0.0006695854088345499,0.3955461293743372,0.23619926815183534
150,0.001073491854799613,0.41039236479321317,0.24477027403122115
151,0.0008449773779744873,0.3828207847295864,0.220187615781938
152,0.0005946954419869144,0.40402969247083775,0.2373986333891143
153,0.0008601466903201072,0.4146341463414634,0.24287947585567182
154,0.0008533072144928155,0.41675503711558853,0.2455512827558155
155,0.000600173834504858,0.4135737009544008,0.24424496603944085
156,0.0009301770279307675,0.4178154825026511,0.25494075801364824
157,0.0012193242609100708,0.4209968186638388,0.25224049623379907
158,0.001038550555324491,0.41039236479321317,0.2297942368980798
159,0.0005654861039374737,0.41039236479321317,0.23179249174152222
160,0.0008926797635467665,0.3997879109225875,0.2270545642378091
161,0.0007874555569173936,0.4241781548250265,0.24314923019871326
162,0.0008821062256174628,0.4061505832449629,0.2285939927203733
163,0.0009228478320437716,0.3997879109225875,0.21882562229938837
164,0.0010248492994875847,0.39766702014846234,0.22544395022294236
165,0.0006578693332812691,0.42629904559915166,0.24206531065597617
166,0.0006397430057404563,0.40827147401908803,0.24145207320588727
167,0.0003932493861725561,0.4061505832449629,0.2364552944608583
168,0.0005309339511768485,0.41039236479321317,0.24356013002333513
169,0.0008402022715017666,0.432661717921527,0.2548305406933489
170,0.0005669490030413727,0.42311770943796395,0.24879073912531252
171,0.0005333987428457476,0.42948038176033937,0.2567144197654804
172,0.0007840409819436899,0.44220572640509015,0.26485541907019616
173,0.0005943360325545655,0.43796394485683987,0.2611189542605624
174,0.0005462918185003218,0.440084835630965,0.2667649286805718
175,0.0005124335118580348,0.4528101802757158,0.2698747661220187
176,0.0012655110483819954,0.44750795334040294,0.2692911740007659
177,0.0008826271614680081,0.43796394485683987,0.25888283285866387
178,0.0006843713505872984,0.432661717921527,0.2498989977010598
179,0.0007642651458809269,0.432661717921527,0.2507724051298936
180,0.0006504986637992261,0.4146341463414634,0.24233840033584617
181,0.0004904008470475674,0.3584305408271474,0.21613976545534425
182,0.0007440307384058542,0.4178154825026511,0.25388303308090626
183,0.0006216068295088917,0.41675503711558853,0.2502511816986557
184,0.0007124300309442333,0.4146341463414634,0.25071933180563283
185,0.0009317418708178593,0.43160127253446445,0.26188587964432175
186,0.0009457661783471849,0.4369034994697773,0.2650329663124874
187,0.0006211592505223962,0.4178154825026511,0.2439694530531505
188,0.0008106888834163329,0.3987274655355249,0.23452839170828435
189,0.0006876250418599739,0.4135737009544008,0.2409116608854062
190,0.0005949864606918709,0.4252386002120891,0.24888957083012933
191,0.0006392806000235396,0.4220572640509014,0.2510958663921838
192,0.0005159686533261265,0.41569459172852596,0.2569092712981088
193,0.000721967643590915,0.42735949098621423,0.2660839249696496
194,0.0010443465242055082,0.43478260869565216,0.27182353789701713
195,0.0005824381382012689,0.4209968186638388,0.24796795353364257
196,0.0004527972149844572,0.4135737009544008,0.2501159327015651
197,0.0008538904267425095,0.4093319194061506,0.2434283968731287
198,0.0014020084931914312,0.4209968186638388,0.24589815696962508
199,0.0004701715535702533,0.4135737009544008,0.24462332892855956
200,0.0007659043324110826,0.43160127253446445,0.2520921431176694
201,0.0006759881060133921,0.44220572640509015,0.25839641194997953
202,0.000864181156960342,0.44750795334040294,0.25780691746264783
203,0.0007720302211964736,0.4305408271474019,0.23909873986061267
204,0.0005756186207690917,0.43584305408271473,0.2514746569716426
205,0.0006254273814874977,0.4411452810180276,0.2539584741393009
206,0.000818327864544699,0.4485683987274655,0.25634779515005
207,0.0004075494609423913,0.44750795334040294,0.25550955483461185
208,0.0007268512535461014,0.42629904559915166,0.24625870107706826
209,0.0008028010555108267,0.4209968186638388,0.23999616727354284
210,0.0007201868861557159,0.40721102863202546,0.23094286642689063
211,0.0005255874541205685,0.42311770943796395,0.24603453514978607
212,0.0006991872338858229,0.43902439024390244,0.2557364140197279
213,0.0006102610870584613,0.41993637327677624,0.2495326186800749
214,0.0008087173764579347,0.43902439024390244,0.2593667238516689
215,0.0006039576240254973,0.43160127253446445,0.25109400511729024
216,0.0005470239255146225,0.432661717921527,0.2563985133552305
217,0.0011865032196510584,0.4252386002120891,0.2592017100617382
218,0.0008194378793632495,0.43902439024390244,0.26238988584752954
219,0.0008065846461249749,0.42948038176033937,0.2559467840092585
220,0.0008448741584743402,0.41993637327677624,0.24788097378969762
221,0.0005623902691240801,0.4284199363732768,0.2532249261451877
222,0.0008190743450541049,0.4241781548250265,0.25516330730804654
223,0.00048480032803581706,0.4178154825026511,0.25368916841446487
224,0.0006572587762093462,0.41675503711558853,0.24817320955582675
225,0.0005815560546125198,0.43160127253446445,0.25722511514364804
226,0.00035456319910736055,0.44750795334040294,0.2705895239869854
227,0.0005348554690954189,0.4485683987274655,0.2703348289662486
228,0.0006832142260464024,0.4411452810180276,0.2665415841629836
229,0.0006636044195147406,0.4517497348886532,0.26946771184786505
230,0.0005703144063772924,0.4485683987274655,0.266982059383323
231,0.0007463589042941976,0.4687168610816543,0.28178209534119547
232,0.00039858666194731996,0.44538706256627786,0.26929165028226526
233,0.0006517185207030706,0.45705196182396607,0.27699518228251585
234,0.0006948303136596224,0.4496288441145281,0.2722279260865916
235,0.0005402198397860047,0.440084835630965,0.26645243444853894
236,0.00045070978958392514,0.4485683987274655,0.2691150408620547
237,0.0006964940593093161,0.4708377518557794,0.27964154691457394
238,0.0008162355055219451,0.46553552492046657,0.28017402796973623
239,0.0007074729705379923,0.45705196182396607,0.2754912368953307
240,0.0006689306133921491,0.4305408271474019,0.2621353325366344
241,0.000573633062015233,0.4432661717921527,0.27179726430315015
242,0.00041943803562389804,0.4178154825026511,0.258396328183351
243,0.0005629581657558447,0.44538706256627786,0.26932540488779466
244,0.0006157985596473737,0.4496288441145281,0.2679365704382672
245,0.0007469422804206261,0.44538706256627786,0.26242514974866565
246,0.0008168243688487564,0.4485683987274655,0.26891878581676665
247,0.0007762526060105301,0.4432661717921527,0.2736756748607341
248,0.00046864177375027793,0.4432661717921527,0.26902619720502596
249,0.0004382588647786179,0.4443266171792153,0.2673840867625176
250,0.0007406768213513715,0.4305408271474019,0.25745326268521607
251,0.0005716687153835664,0.4369034994697773,0.2606190527094757
252,0.0005461758528326754,0.43902439024390244,0.26271822820498636
253,0.0004730522186036978,0.4369034994697773,0.2609340511987123
254,0.0005287998420556051,0.43478260869565216,0.2583731922598934
255,0.0007170610295361257,0.4241781548250265,0.24982016773519336
256,0.0006372475520038279,0.4337221633085896,0.2601955337944301
257,0.0006714565060974564,0.42311770943796395,0.2542797086519714
258,0.0005887457194148737,0.4411452810180276,0.2660031638001096
259,0.0005040627871494508,0.4443266171792153,0.2717616667721302
260,0.00047132494923971533,0.440084835630965,0.2705150523069331
261,0.0007402728414490411,0.43160127253446445,0.2638897706977508
262,0.0006008792592183454,0.42948038176033937,0.2603702157697741
263,0.0004289942763534782,0.4369034994697773,0.26288752809580446
264,0.0004658178154841153,0.4337221633085896,0.2615317302256662
265,0.0007036262913970859,0.4241781548250265,0.24882652414738723
266,0.000332330193486996,0.42735949098621423,0.25074498264154205
267,0.0005874712615877798,0.43160127253446445,0.25311312419247917
268,0.0005770639066213334,0.43796394485683987,0.2559097574744241
269,0.0003970526134253305,0.43796394485683987,0.2575883561086823
270,0.00045371228113708637,0.43160127253446445,0.2588600958169148
271,0.0004320802370330057,0.43796394485683987,0.25709565182139327
272,0.0005196729674935341,0.4411452810180276,0.2608526370709973
273,0.0006240930744752405,0.4369034994697773,0.2574972848069818
274,0.0006020932971296134,0.43796394485683987,0.2596272365253633
275,0.0004694077807471331,0.43478260869565216,0.2611225825411549
276,0.00038505251595779557,0.4337221633085896,0.26064054139689197
277,0.0004153654192350587,0.4443266171792153,0.2651253886677111
278,0.0006374389235361377,0.45068928950159065,0.27148120987223456
279,0.0004907260959498671,0.45387062566277836,0.2729819828166435
280,0.0005977090633905391,0.4496288441145281,0.26886541721189905
281,0.0007588175654404949,0.4559915164369035,0.26501500237510883
282,0.0006224327987411016,0.45493107104984093,0.2720813643245279
283,0.0004726433122641538,0.45387062566277836,0.26648993825365486
284,0.0007464415745744191,0.4485683987274655,0.263363753201233
285,0.000365222604000337,0.4443266171792153,0.2645038860845282
286,0.0006611864686988156,0.4485683987274655,0.2660993322999414
287,0.0005738145417126361,0.45387062566277836,0.2722517174248856
288,0.0006450881933915298,0.44538706256627786,0.2652386031780335
289,0.0003861995326133183,0.4528101802757158,0.27038289799796456
290,0.0004490961040573893,0.46977730646871685,0.28306294107749735
291,0.000659410109176406,0.46553552492046657,0.27846858648072453
292,0.0003855028461657639,0.47613997879109227,0.2835042391275281
293,0.0006425722828169,0.47720042417815484,0.2885029892263744
294,0.0006705788893668796,0.47613997879109227,0.28414069002243736
295,0.000543800034506603,0.47932131495228,0.28675243475022777
296,0.0003546613551179689,0.4782608695652174,0.28608825876405214
297,0.0008452957474219148,0.4687168610816543,0.2790079423565687
298,0.0006808020509197377,0.4559915164369035,0.2679336656507984
299,0.0006297596175954823,0.471898197242842,0.28051516970886586
300,0.0006831790462541676,0.46447507953340406,0.28240796093298864
301,0.000730454361359989,0.46977730646871685,0.28317568339926813
302,0.0004605198843137259,0.47720042417815484,0.28721803906845156
303,0.0004893722385531874,0.471898197242842,0.28601436824018855
304,0.0005764415895100683,0.46659597030752914,0.2813629030346907
305,0.0004520715481703519,0.46447507953340406,0.2801372192726665
306,0.000417422468817108,0.4591728525980912,0.2799519501933331
307,0.000597831500635948,0.46977730646871685,0.28403905832039095
308,0.0004678535802213446,0.46447507953340406,0.28318325242413067
309,0.000724991878541914,0.4623541887592789,0.27819477581848523
310,0.0006365493462908489,0.45493107104984093,0.2779233020479837
311,0.0005844062676715111,0.46977730646871685,0.2860049054732209
312,0.0006003217155807761,0.4634146341463415,0.2815039401995784
313,0.0004959833401585456,0.4602332979851538,0.27813030573702574
314,0.0006376857735631347,0.45811240721102864,0.27545440046932484
315,0.0005779080752859045,0.4687168610816543,0.2754761751614846
316,0.0005788336894511304,0.45493107104984093,0.2712620564357577
317,0.0005206338596508431,0.4602332979851538,0.2761539942337054
318,0.0003780207570798666,0.46129374337221635,0.27798122917010104
319,0.00037798838202434125,0.48462354188759277,0.28755811376773877
320,0.000452733585052556,0.4835630965005302,0.2895111668698988
321,0.0005329399300535442,0.48250265111346763,0.29337101091673623
322,0.000529216443567293,0.48462354188759277,0.289027302032759
323,0.00031460360368100736,0.48250265111346763,0.2894972314568308
324,0.00035509287781678724,0.48886532343584305,0.29055109219485703
325,0.00044212550430984266,0.4867444326617179,0.2868787014148917
326,0.0004597399728481832,0.4835630965005302,0.2857329656663602
327,0.0005326173578851012,0.47720042417815484,0.2842209066283115
328,0.0003632180987551692,0.4835630965005302,0.28736427498239575
329,0.0004593733504293596,0.4814422057264051,0.28520371494651137
330,0.0003611889915646316,0.49204665959703076,0.29255356894129103
331,0.000240174965983897,0.4931071049840933,0.2910310983324424
332,0.0004468265062541832,0.48038176033934255,0.2849665270034523
333,0.0008719221607975669,0.4899257688229056,0.28365142983993996
334,0.00069890508576691,0.4931071049840933,0.28552516447366894
335,0.0003785998047646899,0.4835630965005302,0.2863641570227435
336,0.0004084897745087801,0.4814422057264051,0.2826058631162369
337,0.0005189884725041339,0.47932131495228,0.27983321444253534
338,0.0005402768215390097,0.4687168610816543,0.27822386656158493
339,0.0005929330960583457,0.4867444326617179,0.28770754503406065
340,0.0005279080964101013,0.47720042417815484,0.27928683144598143
341,0.00047938013149178004,0.4814422057264051,0.28279037381646144
342,0.0006437051885768597,0.49204665959703076,0.288568384039676
343,0.0005517073610462831,0.4878048780487805,0.29438007436481795
344,0.0005782832282875461,0.4814422057264051,0.2908680152081508
345,0.0004350430995145871,0.47720042417815484,0.2792782057780041
346,0.0005402860107096785,0.47613997879109227,0.2798912573625483
347,0.00047257363105472904,0.47932131495228,0.28517355657564436
348,0.000359439961971475,0.48038176033934255,0.28602801142503465
349,0.0006429569264469137,0.4814422057264051,0.2869885680729875
350,0.000459130226522575,0.48462354188759277,0.2902409652754521
351,0.0004903345259663183,0.4878048780487805,0.29441303812623953
352,0.0004936822230547477,0.4878048780487805,0.2874869013273719
353,0.00043805561097087775,0.48250265111346763,0.2841079557839688
354,0.0005501538450062071,0.4782608695652174,0.2870765046071722
355,0.00045582683748932593,0.48038176033934255,0.28710884835001793
356,0.0004957332994308672,0.4899257688229056,0.2898297879110848
357,0.0005185900825381395,0.4867444326617179,0.28818256743442056
358,0.0004971987112185161,0.4687168610816543,0.28162894479095235
359,0.0005769909836089937,0.47295864262990456,0.2874417188251947
360,0.0005875735436973173,0.4740190880169671,0.287588156822285
361,0.0006052261759577959,0.48038176033934255,0.2870797350900479
362,0.0004993374413970741,0.4835630965005302,0.29213983380887526
363,0.000377835200924892,0.48038176033934255,0.29000757551810186
364,0.0004306523217110225,0.4835630965005302,0.29055267357580994
365,0.0006730342692605973,0.47932131495228,0.2892663211166934
366,0.0005435648024672446,0.48886532343584305,0.29093046155421237
367,0.00046468382960824784,0.49522799575821846,0.29597008733780367
368,0.00046345572504833397,0.4814422057264051,0.286716403827398
369,0.0004252926390478251,0.48568398727465534,0.2848149700941154
370,0.0005881287147076364,0.4909862142099682,0.29201915229154046
371,0.000685842950224469,0.4984093319194062,0.2965507207026239
372,0.0005060539937204566,0.4899257688229056,0.29529563493273286
373,0.00042770201563371304,0.4867444326617179,0.2935509629808692
374,0.0004979109189662267,0.4835630965005302,0.29296334596156814
375,0.000429458455596432,0.48462354188759277,0.293943485800008
376,0.000696291781241598,0.471898197242842,0.28543999722140223
377,0.0003753656578282971,0.46553552492046657,0.27621655201881673
378,0.0004925560081574076,0.46659597030752914,0.2704349264033291
379,0.0005330960182618582,0.47295864262990456,0.27865294728552353
380,0.00046434909822892225,0.4676564156945917,0.27330566281251495
381,0.00039543544130538066,0.47932131495228,0.2789179507004859
382,0.0004473702117820721,0.46977730646871685,0.2827050030586182
383,0.0004963000865927825,0.4750795334040297,0.28139418907514285
384,0.0006330093011904126,0.471898197242842,0.2861063198786163
385,0.0003752621998046379,0.47613997879109227,0.2899149160503083
386,0.00039591294143974664,0.47613997879109227,0.2934945554324269
387,0.0005312275724463688,0.46659597030752914,0.28401477755518906
388,0.0004381726133033226,0.46659597030752914,0.2760747390417938
389,0.0004247623246669718,0.4750795334040297,0.2802487364937338
390,0.0003693788666851106,0.46659597030752914,0.27518097265766617
391,0.0003404499056159693,0.4676564156945917,0.27116934694312445
392,0.00034402557164412426,0.46659597030752914,0.27135627267512474
393,0.0008255651001604746,0.4634146341463415,0.2648601688132952
394,0.00044025162096659185,0.46659597030752914,0.268641824893879
395,0.0003889128554874333,0.46659597030752914,0.26459402903320367
396,0.0004279855244590181,0.46977730646871685,0.270869899740769
397,0.00042543852796370627,0.47613997879109227,0.2770179831843449
398,0.0005142003414164264,0.4782608695652174,0.27649147723733014
399,0.00045360004344274785,0.48568398727465534,0.28228390990886726
400,0.00045969214993135665,0.4750795334040297,0.27606989292124673
401,0.0005637982882944926,0.4676564156945917,0.2655593764567858
402,0.0005592182732698347,0.4634146341463415,0.27143218185118784
403,0.0004609701834624502,0.46659597030752914,0.2705714402360868
404,0.00047037933054525636,0.47295864262990456,0.2722735291809738
405,0.0006773286938383194,0.4740190880169671,0.26957739459354874
406,0.0004077534897078294,0.48568398727465534,0.2798452656576798
407,0.0005099188925669296,0.4878048780487805,0.2837317143948484
408,0.00048221000729427034,0.4878048780487805,0.28574475787594517
409,0.0004408924167364603,0.4909862142099682,0.29238622458509556
410,0.0005297800874359381,0.48568398727465534,0.29058968950967007
411,0.0004364678710999215,0.4878048780487805,0.29085414504882545
412,0.00041393181090825236,0.48462354188759277,0.2904319456435051
413,0.0006572238988155731,0.4909862142099682,0.2937269015641555
414,0.00044508268834206886,0.49522799575821846,0.29507818610096653
415,0.000448146084742973,0.4878048780487805,0.2948422593279618
416,0.00021568831998592942,0.49522799575821846,0.29894710859992185
417,0.0007956326069688657,0.5058324496288441,0.30610604389204354
418,0.0006502197526742747,0.4909862142099682,0.3011439566687064
419,0.0009941383024113294,0.5005302226935313,0.3079613456560225
420,0.0005705148287248107,0.5015906680805938,0.30652983697044106
421,0.000574698173750221,0.48886532343584305,0.30219334409442317
422,0.00033068489747165584,0.49628844114528103,0.3027250239598976
423,0.00043776536540462985,0.48886532343584305,0.29756270676424784
424,0.0006494562324405706,0.47932131495228,0.28858784161792017
425,0.00042111053936650934,0.48568398727465534,0.29277925070764427
426,0.0006374862141456106,0.48886532343584305,0.2929183595732438
427,0.00042654211265471533,0.48568398727465534,0.29431381808966056
428,0.0008020894872515782,0.4878048780487805,0.29319955325743513
429,0.0005608325652247004,0.4782608695652174,0.2912665257970794
430,0.00037906748925706777,0.4878048780487805,0.29412811558440555
431,0.0004909709537059825,0.48250265111346763,0.2925735268884505
432,0.0005873143417488791,0.4878048780487805,0.28982764196251326
433,0.0005068899627985957,0.48568398727465534,0.2922930351771828
434,0.0006347199100389389,0.4782608695652174,0.2796518792166635
435,0.0007663106681661703,0.48038176033934255,0.2835999775087376
436,0.0004166409571553231,0.49204665959703076,0.29239424908947054
437,0.00039903126775016063,0.49204665959703076,0.29630204643155394
438,0.0005513958083724901,0.4878048780487805,0.2974109812017157
439,0.00039601019410611115,0.49628844114528103,0.29881143008775035
440,0.00034593024964806317,0.4941675503711559,0.2980374412101394
441,0.0006313292924460256,0.49628844114528103,0.29639135636969666
442,0.0005849621959725937,0.4941675503711559,0.2916673676355483
443,0.0007628654378549982,0.47932131495228,0.2905205259712749
444,0.00046471133232444116,0.47613997879109227,0.29255943409464436
445,0.0005552505867854052,0.4835630965005302,0.2918274965192877
446,0.00042862714844886795,0.48886532343584305,0.29604149422932824
447,0.00032324965436600903,0.49204665959703076,0.29445501267563284
448,0.0007257956415742228,0.5068928950159067,0.29883414754740095
449,0.0008098431970211095,0.49628844114528103,0.2939700928398061
450,0.0003564425669537741,0.49522799575821846,0.2963893829223901
451,0.0003173480773511983,0.48462354188759277,0.2932013290530392
452,0.00036637886742028056,0.48250265111346763,0.2918749082586178
453,0.00039754379806709037,0.48568398727465534,0.2946537602875395
454,0.0006351875863856548,0.48250265111346763,0.29299112814198264
455,0.0004437300513018272,0.4973488865323436,0.3022416008153389
456,0.0005353838154860569,0.503711558854719,0.3064888780152415
457,0.0004068752196644709,0.5121951219512195,0.30817696159101443
458,0.0005833239483308717,0.5068928950159067,0.3095417252749633
459,0.000500131068565679,0.5047720042417816,0.31095632271963897
460,0.0005523301568246097,0.5026511134676565,0.3103530835524438
461,0.0005857155413650616,0.503711558854719,0.30763333035413476
462,0.0007557674081908772,0.503711558854719,0.30816516015291134
463,0.00040392777320903407,0.5090137857900318,0.3080974057794784
464,0.0006429055021328622,0.5079533404029692,0.3065917679326317
465,0.00034995179075849594,0.5058324496288441,0.30660056084321496
466,0.0006537220949212497,0.4973488865323436,0.304174637163433
467,0.0008522288909034615,0.5005302226935313,0.30297068385591447
468,0.0006793930015192018,0.5047720042417816,0.3067854415409187
469,0.0005951301475988658,0.5026511134676565,0.3066649233484834
470,0.0003983330951754738,0.49628844114528103,0.30330220963376653
471,0.0005526500117866817,0.5005302226935313,0.30746357632558524
472,0.0005034009770952252,0.5026511134676565,0.3065898778158489
473,0.0006071903838801518,0.5047720042417816,0.309227937662926
474,0.0007174257541521456,0.49946977730646874,0.30349665730072556
475,0.0005412906166156972,0.49204665959703076,0.3007549550418643
476,0.0006223578111018924,0.4973488865323436,0.30058874826376336
477,0.0005176534007205191,0.4909862142099682,0.2977351572832339
478,0.0005862836455776232,0.4941675503711559,0.30034149913424274
479,0.0006458689477867096,0.4909862142099682,0.2979539650307887
480,0.0005878069659502217,0.4878048780487805,0.2969648312846735
481,0.0005010327086438337,0.4973488865323436,0.3035851185890751
482,0.00033338481082409996,0.49522799575821846,0.2984013657494552
483,0.0008814500135940762,0.47613997879109227,0.29578452894523105
484,0.0005609129499134724,0.4740190880169671,0.2942293373222194
485,0.0006124717163402237,0.4676564156945917,0.2913660351349287
486,0.0005670189283165427,0.4708377518557794,0.29069760194094
487,0.0007345250852040408,0.47613997879109227,0.2949956848704568
488,0.000522240386590056,0.4835630965005302,0.29678556746852763
489,0.0004097446495279655,0.4931071049840933,0.3014171767381029
490,0.0008074970305642637,0.4814422057264051,0.29314639517851565
491,0.0004851884103857174,0.48568398727465534,0.29493793666128465
492,0.0009089981110605549,0.49628844114528103,0.30126993353518833
493,0.0005778442465839362,0.48886532343584305,0.30038047233213844
494,0.0006453489045952665,0.48568398727465534,0.2976897198069791
495,0.00046686518165302006,0.4867444326617179,0.29678981676577787
496,0.000591252734480463,0.48250265111346763,0.2933423643545992
497,0.0003883694375304003,0.4867444326617179,0.29704202327578055
498,0.00038962732784284524,0.49522799575821846,0.30073815376931284
499,0.0005437277235614601,0.4835630965005302,0.29709889507345943
500,0.0005993043925656139,0.4750795334040297,0.29329470559757326
501,0.0004855211518588476,0.4867444326617179,0.2981299014459205
502,0.0006731399271302507,0.48462354188759277,0.3007592496172077
503,0.000838642281041757,0.49204665959703076,0.2999440518203371
504,0.0008184395687565571,0.48462354188759277,0.2972121084210907
505,0.0004249223570354843,0.4835630965005302,0.296885823518016
506,0.0007878040680338927,0.4835630965005302,0.2968575657420052
507,0.0011572152300772132,0.4878048780487805,0.2959649977480564
508,0.0005944354142229713,0.4931071049840933,0.301674336138993
509,0.0006831113546070355,0.49204665959703076,0.30126930396961465
510,0.00082866570146507,0.49628844114528103,0.3010476907830401
511,0.000621193478218629,0.4931071049840933,0.2996288634061221
512,0.000477254928819093,0.4931071049840933,0.29880727167974996
513,0.0006149686546905286,0.49204665959703076,0.3023689540825845
514,0.0005289253960199858,0.4973488865323436,0.305551645913362
515,0.0005402454200122975,0.4941675503711559,0.309861329033204
516,0.0007881549577476221,0.4973488865323436,0.3116705450282681
517,0.0003346703245597382,0.4973488865323436,0.31305886533303123
518,0.0005766597641297721,0.5026511134676565,0.3146062127612999
519,0.00045637616685780815,0.49522799575821846,0.31239809862192264
520,0.00044981213594610383,0.49946977730646874,0.3162430940129618
521,0.0005041599183385869,0.5015906680805938,0.3182411851813459
522,0.00033961896211422984,0.5005302226935313,0.3192588823936747
523,0.000527040020552505,0.5015906680805938,0.31643138662919457
524,0.0004731436978545389,0.5090137857900318,0.3204613450978367
525,0.000788164497419075,0.5121951219512195,0.32326062267006245
526,0.0005972146412204892,0.513255567338282,0.3257698645648832
527,0.00041377582617769805,0.5143160127253447,0.3244232524422508
528,0.0005092931499348196,0.5090137857900318,0.3232757234095615
529,0.0004222978654411236,0.5143160127253447,0.3211162215645274
530,0.0006479013306716297,0.5111346765641569,0.3171252295895172
531,0.0004925483644228734,0.5090137857900318,0.3159330984260203
532,0.0006393410325472359,0.5047720042417816,0.3178897570672112
533,0.000630340779935068,0.5111346765641569,0.31836102130450517
534,0.0005061182512704932,0.5079533404029692,0.31535119696900293
535,0.0005972322986337985,0.5079533404029692,0.3139121173533794
536,0.00047179980907685604,0.5068928950159067,0.31391677157904807
537,0.000654590523117804,0.503711558854719,0.31027950662263887
538,0.0006070505977021412,0.5143160127253447,0.3139239068201973
539,0.00038758714877076275,0.5121951219512195,0.3176250480914629
540,0.0005027897434501938,0.5143160127253447,0.3214553934365299
541,0.0005695897780242376,0.5196182396606575,0.3208337193635373
542,0.0008402822952177757,0.5143160127253447,0.3192888960005003
543,0.0006413502280565808,0.5185577942735949,0.32104620944742573
544,0.0004322670240071602,0.513255567338282,0.3205277073132086
545,0.0005200991991841875,0.5121951219512195,0.3182910889279554
546,0.0004176771037691651,0.5302226935312832,0.32603160079534255
547,0.0004108290897875122,0.5302226935312832,0.32410884768644915
548,0.0004527028208549666,0.5249204665959704,0.3199926620287704
549,0.0004559315541200704,0.5238600212089077,0.31785672565419876
550,0.00036032414896283174,0.5270413573700954,0.3225231235751396
551,0.0004990665736841037,0.5217391304347826,0.3195326407932468
552,0.0004688449007744566,0.5164369034994698,0.3169423421798425
553,0.0004977202415830106,0.5196182396606575,0.31765512064672974
554,0.0003631320647400571,0.5259809119830329,0.3182577759197116
555,0.0005322174553498371,0.5174973488865323,0.3170045473708203
556,0.00032860355322554823,0.5196182396606575,0.31602344703096286
557,0.00045344067640371575,0.5164369034994698,0.3200623144024059
558,0.0005873873911298233,0.5143160127253447,0.31603364991254934
559,0.00037885608542183037,0.5174973488865323,0.31887551037970735
560,0.0004805032937142073,0.513255567338282,0.3164499346373395
561,0.0004693554159530322,0.513255567338282,0.31673347581250283
562,0.0004110899046281702,0.5196182396606575,0.32034155535661846
563,0.000605351616104599,0.5164369034994698,0.3143539737627893
564,0.0004737563312119164,0.5196182396606575,0.31588293374948423
565,0.0003788913587413845,0.5185577942735949,0.3150350202252156
566,0.0005342058157225438,0.5227995758218452,0.3184400340999338
567,0.00041003756937243454,0.5185577942735949,0.3179589106898487
568,0.0004099457182746846,0.5164369034994698,0.3158822994071238
569,0.0006459852735360982,0.5111346765641569,0.31305951037708757
570,0.0005621969366501389,0.5111346765641569,0.3119091978081674
571,0.000626971590827452,0.5047720042417816,0.31052847911978654
572,0.00047258908107323806,0.5079533404029692,0.3121075640932252
573,0.000492602379085838,0.5121951219512195,0.3132690745383901
574,0.0006935156695817568,0.5121951219512195,0.31308863731210446
575,0.0004311469639105781,0.5143160127253447,0.3121912255379503
576,0.00029667026683455333,0.5111346765641569,0.3131634631963983
577,0.0005673912819474936,0.5164369034994698,0.31361862814468083
578,0.00043060932652849715,0.5143160127253447,0.3108892571423834
579,0.00038319882407904514,0.5196182396606575,0.3126088811063665
580,0.0004487961852703393,0.5111346765641569,0.3097572732965485
581,0.0005997161913455784,0.5079533404029692,0.3048934351632216
582,0.0003736599110197858,0.5164369034994698,0.3060627430370902
583,0.0004124072791128697,0.5068928950159067,0.30578367369323844
584,0.0006672067053159481,0.49946977730646874,0.30522504623449603
585,0.0005389065927374759,0.5068928950159067,0.30830837674885186
586,0.0005072562267969261,0.5100742311770944,0.3134775398423063
587,0.0003397473054569389,0.5121951219512195,0.315544460752
588,0.0002776980210001057,0.5259809119830329,0.32164218515056886
589,0.0005440479513936225,0.5185577942735949,0.31503104658699366
590,0.000534838711064367,0.5259809119830329,0.31809064769884254
591,0.00043673685265730453,0.5270413573700954,0.31866156940794294
592,0.0005743948256167642,0.5238600212089077,0.3167405014609721
593,0.0005163211354556552,0.513255567338282,0.31183506965637087
594,0.0003656706834050283,0.5302226935312832,0.31939486956158825
595,0.00040230646248460287,0.5312831389183457,0.3196354649985081
596,0.0004131717814402691,0.5153764581124072,0.3170911008728909
597,0.0004477993704540495,0.5217391304347826,0.319046911302405
598,0.00040270818089993554,0.5387062566277837,0.32501088043825566
599,0.0003768247718880957,0.5238600212089077,0.32004118181072566
600,0.0005042513869739195,0.5259809119830329,0.32080110978505233
601,0.0004797586532731657,0.5259809119830329,0.32192293140122846
602,0.0008445168974958505,0.5227995758218452,0.31878254656256555
603,0.000318755354305722,0.5164369034994698,0.31883221221871944
604,0.0005925363595679301,0.5196182396606575,0.3206403626085177
605,0.00045731648942819446,0.5291622481442205,0.32431909694607397
606,0.00045487193041253703,0.5259809119830329,0.32552263696448397
607,0.0004919284072002483,0.5312831389183457,0.3263778891492748
608,0.00040258772760353166,0.5376458112407211,0.33013706422473843
609,0.0004694931640543132,0.5355249204665959,0.32941915146681133
610,0.00042192886617158364,0.5418875927889714,0.33155326242805405
611,0.00046036817439016887,0.5397667020148462,0.33099639222418126
612,0.00034358396412130786,0.5323435843054083,0.32501385239863206
613,0.00038303747481336357,0.5387062566277837,0.33008227111457045
614,0.0005722921213248356,0.5397667020148462,0.32751519320623873
615,0.0005587361885091013,0.542948038176034,0.3313176065700137
616,0.0006016319458694852,0.5323435843054083,0.3252580261757799
617,0.00043406879376561847,0.5440084835630965,0.32813185324735905
618,0.0005268710925520282,0.5365853658536586,0.3268393153845858
619,0.0006103066862905848,0.5482502651113468,0.328642780875065
620,0.0007422431553209208,0.5355249204665959,0.323118318277554
621,0.00035251010610863885,0.5270413573700954,0.32254572299102985
622,0.0004579038682209102,0.5291622481442205,0.3274890675331727
623,0.000474570913502248,0.5312831389183457,0.33100810908160017
624,0.0002221604701844626,0.5312831389183457,0.32875887478282173
625,0.0004065366373367851,0.5302226935312832,0.3254406328095995
626,0.0006051839079873389,0.5334040296924708,0.3295120274758151
627,0.0006436090481201972,0.5344644750795334,0.33162400926583113
628,0.00042689811443779034,0.5355249204665959,0.3320489073403825
629,0.00042146126105535586,0.5323435843054083,0.32956204550483925
630,0.0005044001157784806,0.5312831389183457,0.3288444005614698
631,0.00045311412794717397,0.5291622481442205,0.32832217440254596
632,0.0005557822661728551,0.5344644750795334,0.3295896439959249
633,0.0006495066380011849,0.5323435843054083,0.3299237030875723
634,0.000494140331284143,0.5323435843054083,0.3280659394307958
635,0.0005457485018951047,0.5365853658536586,0.3305018837705786
636,0.0005532096270712827,0.5323435843054083,0.32965428509667133
637,0.0002730129061092157,0.5355249204665959,0.3275660584158784
638,0.0004990880115656182,0.5365853658536586,0.3254930809047523
639,0.00037363579629072773,0.5302226935312832,0.32283021971268555
640,0.0004521514999851206,0.5249204665959704,0.31784332056735976
641,0.0004211314470808247,0.5259809119830329,0.3217823816748953
642,0.0006217119454973386,0.5227995758218452,0.3191413186361366
643,0.0004194125874448673,0.5323435843054083,0.32570816563024324
644,0.00039181317251859584,0.5334040296924708,0.32442118401220965
645,0.00028549755006679334,0.5323435843054083,0.327124152260569
646,0.00041252934133808596,0.5355249204665959,0.326378156968945
647,0.0002786071599985007,0.5270413573700954,0.3238553682984977
648,0.0005340793722325543,0.5312831389183457,0.3267600350626366
649,0.0005195983839001884,0.5302226935312832,0.3279169278164781
650,0.0005305914839482285,0.5227995758218452,0.321717708947565
651,0.0002710168270311897,0.5291622481442205,0.32574241182089003
652,0.00043669751066772734,0.5365853658536586,0.32696379382963164
653,0.00034825562712228477,0.5302226935312832,0.3283525816563964
654,0.00044377241865731774,0.5291622481442205,0.32724086303199335
655,0.00047761971725321926,0.5238600212089077,0.3260779984815459
656,0.0003586362048736191,0.5270413573700954,0.32677409917944833
657,0.0004272552607289981,0.5312831389183457,0.33067903906741875
658,0.0006345943837004597,0.5334040296924708,0.3320784676184702
659,0.0004533007712723247,0.5365853658536586,0.3338246344889711
660,0.0003933440745640837,0.5376458112407211,0.3314966891553838
661,0.0003739476495525196,0.5344644750795334,0.33171116799965467
662,0.0003896652633955,0.5312831389183457,0.3272588285717656
663,0.0005552382312544069,0.5291622481442205,0.32981972988089825
664,0.00038109387205622627,0.5291622481442205,0.3333706810026276
665,0.000498761279646942,0.5312831389183457,0.3333060464286652
666,0.00043290191527489696,0.5387062566277837,0.33759746402122787
667,0.00036890418728035,0.542948038176034,0.338787680271463
668,0.0005006238938221941,0.5312831389183457,0.3355300060097788
669,0.0006819689428652964,0.5270413573700954,0.33026919917454767
670,0.0004999272423049205,0.5270413573700954,0.3309330006438526
671,0.0004462455980501545,0.5259809119830329,0.32894687864510785
672,0.00040425236470866823,0.5238600212089077,0.3282841432359617
673,0.0005601939835742087,0.5249204665959704,0.32722406891151345
674,0.0002635083075347211,0.5249204665959704,0.32553487609819454
675,0.000496148204379665,0.5302226935312832,0.3239604510897887
676,0.0004175146724264778,0.5270413573700954,0.32393174505269606
677,0.0004951733515554224,0.5185577942735949,0.3192148586119812
678,0.0004812420847429166,0.5302226935312832,0.32500830854306256
679,0.0002871004081043793,0.542948038176034,0.32904747573142823
680,0.00033680943067793123,0.5397667020148462,0.32627136418695923
681,0.00038258262818544606,0.5376458112407211,0.3296084031296667
682,0.0005573023383931286,0.5291622481442205,0.32795098224304847
683,0.00039089311214297596,0.5302226935312832,0.3295825440681724
684,0.0005609534598761456,0.5291622481442205,0.33034267880532997
685,0.0004989041708654441,0.5312831389183457,0.32940477105295896
686,0.0004947299862237742,0.528101802757158,0.32803739455051684
687,0.000335666690546077,0.528101802757158,0.33108068978497035
688,0.00029673196656858635,0.5334040296924708,0.3332253156216737
689,0.00032141543921397896,0.5312831389183457,0.33382309023714085
690,0.00034522684557032336,0.5387062566277837,0.33194344207962007
691,0.000487657297932742,0.5365853658536586,0.33398130657448893
692,0.0004796220085154346,0.5418875927889714,0.3361812650547927
693,0.000479199597178237,0.5355249204665959,0.3319767141396514
694,0.0003097091904692206,0.5334040296924708,0.33064286559889106
695,0.0002538116195864859,0.5387062566277837,0.3308100701481583
696,0.00036637285525813467,0.5493107104984093,0.3360539307066575
697,0.0005962623534742306,0.5503711558854719,0.33540438240736875
698,0.0004111563426690168,0.5461293743372216,0.33346734289814056
699,0.0003331581568090769,0.5503711558854719,0.3351402874656082
700,0.0005288042162248985,0.5440084835630965,0.33475508476169835
701,0.0004137524872312781,0.5418875927889714,0.3364105231378854
702,0.0003559530987786275,0.5418875927889714,0.33154625270859533
703,0.00045606139321989757,0.5365853658536586,0.3311572759733743
704,0.0005638493972867309,0.5387062566277837,0.33164734041349864
705,0.0002248583444639962,0.542948038176034,0.33430335727995386
706,0.0003822152036264015,0.5471898197242842,0.3342436735910844
707,0.0005179206034426898,0.5376458112407211,0.33211003887792195
708,0.00036629605380085196,0.5440084835630965,0.33442012335211413
709,0.0005281922826043228,0.5482502651113468,0.33453763994359265
710,0.0005559952020973924,0.5418875927889714,0.3339271041834586
711,0.0004751068528548785,0.5418875927889714,0.335800188132958
712,0.0004191822002326262,0.5344644750795334,0.33220703892543035
713,0.00033191813045050365,0.5249204665959704,0.3262941477094911
714,0.0004549156703802737,0.5227995758218452,0.32860021041337806
715,0.0003358500643699358,0.5376458112407211,0.33570874693263913
716,0.00041026003129900345,0.5376458112407211,0.33495616102068587
717,0.0005168003840481106,0.5344644750795334,0.3339399246845141
718,0.00032028884021428894,0.5408271474019088,0.33628485132487196
719,0.00043358528062071856,0.5418875927889714,0.335345784013212
720,0.0003984425610269682,0.5493107104984093,0.34152794960081934
721,0.00022901941497366352,0.5440084835630965,0.3388824732071548
722,0.00038770820072500103,0.5355249204665959,0.3344941138444195
723,0.0002344374203858024,0.5355249204665959,0.33629687233613736
724,0.00044872469032384286,0.5397667020148462,0.33672337798787827
725,0.00032754122393612305,0.5387062566277837,0.3350217413777416
726,0.0004606061552124174,0.5408271474019088,0.3352693812572707
727,0.0004039169552982003,0.5344644750795334,0.3323505737486939
728,0.0008501287627836973,0.5397667020148462,0.3324672822049951
729,0.00022488129397970624,0.5503711558854719,0.3385338009368525
730,0.00029873925259380483,0.545068928950159,0.3364801581419201
731,0.0002343708860280458,0.5471898197242842,0.33715076080397893
732,0.0003678438398992512,0.5387062566277837,0.3363117678313284
733,0.00040366243838434456,0.545068928950159,0.34156321257823485
734,0.0003727901675574685,0.5493107104984093,0.3421571382796368
735,0.000552398963142764,0.5514316012725344,0.3439006181498796
736,0.00043836916229338384,0.5514316012725344,0.34429695357236106
737,0.0003772979993755143,0.5493107104984093,0.3421114943786826
738,0.0004982893087571938,0.5503711558854719,0.3424512633997763
739,0.0008081220539239098,0.5493107104984093,0.34347878759534994
740,0.00036309312949356354,0.5493107104984093,0.34483937216646876
741,0.0003261799536005583,0.5471898197242842,0.3431285134731447
742,0.00035079141009646263,0.5535524920466596,0.3467510327967312
743,0.0007181149090605743,0.5344644750795334,0.3386654942719083
744,0.00046321406239293597,0.5365853658536586,0.3433160639467878
745,0.00042314693176308537,0.5482502651113468,0.34251686336428416
746,0.0004356192676482351,0.5503711558854719,0.3441477554011578
747,0.0007394684341083035,0.5493107104984093,0.3439048198298563
748,0.00040117557931047544,0.5567338282078473,0.346439033237416
749,0.00034813664212833827,0.5514316012725344,0.34195273641001694
750,0.0004971345392320359,0.5556733828207847,0.3465494462482182
751,0.0006291014848684995,0.5577942735949099,0.35200874929108206
752,0.00042833165714029064,0.5609756097560976,0.35104456376000215
753,0.0006319031107466344,0.5556733828207847,0.35414461734545233
754,0.0003220982265347061,0.5546129374337222,0.35601528790740705
755,0.000799494481043439,0.5408271474019088,0.343443460659785
756,0.00042355583456608057,0.5546129374337222,0.3515551720385736
757,0.0008043555653472368,0.5493107104984093,0.3449967360498641
758,0.0005050302494709058,0.5535524920466596,0.35018619704476833
759,0.0007170452248828951,0.5556733828207847,0.350872913592285
760,0.0004990999987271039,0.5493107104984093,0.34913281539449637
761,0.0007661990186587531,0.5535524920466596,0.35047477839139773
762,0.0008699813692079949,0.5546129374337222,0.3525520830794921
763,0.0009515412560389791,0.5493107104984093,0.3506566489136505
764,0.0006590604888998541,0.5503711558854719,0.3457782016498274
765,0.0003841788550078107,0.5503711558854719,0.3428441120689659
766,0.00039622071687972493,0.5524920466595971,0.34279081276328294
767,0.0005282331627190828,0.5535524920466596,0.3454565491761409
768,0.0003152072367385017,0.5471898197242842,0.3416654117679858
769,0.0006385542242924203,0.5482502651113468,0.3453352897120672
770,0.0015392509532500044,0.5418875927889714,0.33657630352095425
771,0.0005805373724740547,0.542948038176034,0.34263860120914164
772,0.0004461110924268041,0.5524920466595971,0.34544912049330745
773,0.0007150371895004338,0.5440084835630965,0.34240781777490426
774,0.0005032948290736528,0.5556733828207847,0.3505470857439016
775,0.00042403320563408895,0.5503711558854719,0.3462207997422312
776,0.0003970128045381216,0.5493107104984093,0.3417103862490407
777,0.0003262821583419395,0.545068928950159,0.34195185632806535
778,0.0002623354826740254,0.5482502651113468,0.3425759031636058
779,0.0004456147038220948,0.5514316012725344,0.34121422158625736
780,0.00046377709223008876,0.545068928950159,0.33816018112759644
781,0.0004759839905091212,0.5397667020148462,0.3347403581343602
782,0.0004079946521073907,0.5408271474019088,0.3341332053374105
783,0.0005384294528909094,0.542948038176034,0.33465541352587963
784,0.0003195073417060712,0.545068928950159,0.3382711935228883
785,0.00043511789242316467,0.5493107104984093,0.3399468386202225
786,0.0003551356555263396,0.5482502651113468,0.3356321616237358
787,0.0004868369004647377,0.5440084835630965,0.339296939550847
788,0.0003869668670176907,0.5418875927889714,0.3336054632007792
789,0.0003209943611338417,0.5482502651113468,0.33788458109349656
790,0.0005418872727982916,0.5461293743372216,0.33736959434396047
791,0.0005463010920571775,0.5482502651113468,0.3426068910443965
792,0.00038705236398186573,0.5482502651113468,0.34011283443751467
793,0.00043430972910982744,0.5482502651113468,0.3359687572820974
794,0.0006613229722352898,0.5461293743372216,0.33664723842592087
795,0.00035390381918602997,0.5503711558854719,0.337778024762434
796,0.00033321634797403024,0.5482502651113468,0.33751406290176394
797,0.00042447059441315106,0.5524920466595971,0.3416069958811304
798,0.0003764498518677328,0.5482502651113468,0.33794805645825826
799,0.00037849268228029587,0.542948038176034,0.3339491131197754
800,0.0003760961159400722,0.5418875927889714,0.33719416148123393
801,0.0005304937138419063,0.5418875927889714,0.33961837012209384
802,0.0007384271510716189,0.5418875927889714,0.3387044298479706
803,0.00022039563516500492,0.5471898197242842,0.3435634417404193
804,0.00030841609066669664,0.5514316012725344,0.34334855664763814
805,0.00033593536491025586,0.5461293743372216,0.34304886532903606
806,0.00045229825737465036,0.5408271474019088,0.3420030215598435
807,0.00034498958350468454,0.5493107104984093,0.34461308678436087
808,0.0005299671492650759,0.5535524920466596,0.3422479995236554
809,0.00036647242450271733,0.5493107104984093,0.34036930585739295
810,0.00040615221623454547,0.545068928950159,0.33863942750866816
811,0.0008007745770669316,0.5546129374337222,0.33726096081663515
812,0.0005870627756394242,0.5588547189819725,0.3379531338874755
813,0.00035024907874685595,0.5524920466595971,0.3361237521603218
814,0.00041980385562965237,0.5514316012725344,0.33404853331875595
815,0.0003711270372360076,0.5418875927889714,0.33152952671939045
816,0.00035329203437868274,0.5440084835630965,0.333953551668949
817,0.00044817361656619427,0.5471898197242842,0.3320566916267199
818,0.0005542482474197641,0.545068928950159,0.33463945913616555
819,0.0004790864924444804,0.5503711558854719,0.3353751744478262
820,0.0003683673188788816,0.5440084835630965,0.3382956447665228
821,0.000386454239833256,0.545068928950159,0.33618116506920614
822,0.00029251604529463294,0.545068928950159,0.3373391240028459
823,0.0003356167512720276,0.5471898197242842,0.33877742140803463
824,0.0005031527129517599,0.545068928950159,0.33810827947961813
825,0.0004142596372389562,0.542948038176034,0.33852556304918013
826,0.00044910029341735933,0.5397667020148462,0.3365737737137806
827,0.00040773347004687823,0.542948038176034,0.3354494914418857
828,0.00039280859557138114,0.5376458112407211,0.3318291423692258
829,0.00024665387224445114,0.542948038176034,0.3351188927319178
830,0.00045366524216206017,0.5482502651113468,0.3401836476085496
831,0.0004228999490806018,0.5482502651113468,0.3376528229061848
832,0.0020686126123964144,0.5482502651113468,0.3383307118482054
833,0.0005992138888700538,0.5471898197242842,0.33128349574092253
834,0.0004405366891887752,0.5514316012725344,0.33700280347278727
835,0.0003609779985538353,0.5493107104984093,0.3354396130527201
836,0.000590909954527774,0.5503711558854719,0.3355841333432026
837,0.00028506836677024696,0.5514316012725344,0.3380276305976234
838,0.0007621290184943064,0.5546129374337222,0.34672493512859803
839,0.0004202093683232988,0.5556733828207847,0.3476637348428441
840,0.0006802362856149103,0.5524920466595971,0.34467671223618584
841,0.0011247176352840783,0.5493107104984093,0.3452233245536439
842,0.00036490815526519783,0.5493107104984093,0.3426699053573741
843,0.0005096030928996243,0.5482502651113468,0.3397183886348329
844,0.00046421108415870547,0.5482502651113468,0.3406051061098998
845,0.0006220323191611143,0.5471898197242842,0.3380156072533521
846,0.000741118417286657,0.5514316012725344,0.33945566084737533
847,0.0004747043779843807,0.5482502651113468,0.33657486528695557
848,0.0007324405239671705,0.5567338282078473,0.3412385745949498
849,0.0004014190391444572,0.5641569459172853,0.3441738272541894
850,0.0005942918610685411,0.5535524920466596,0.338004998593942
851,0.00040513461520106373,0.5482502651113468,0.33351345016127926
852,0.0007555250807541825,0.5588547189819725,0.3339522569198787
853,0.00037783337437531374,0.5577942735949099,0.3354389041791436
854,0.0004073590643699276,0.5556733828207847,0.33583330562045083
855,0.0007574701853712895,0.5471898197242842,0.3345636155502884
856,0.0005339882789513695,0.5493107104984093,0.33425072702287917
857,0.00035918837652388903,0.5482502651113468,0.3332693529558584
858,0.00031409254535788025,0.5482502651113468,0.33480519540329734
859,0.0004022208053356735,0.5514316012725344,0.335753631121191
860,0.0005069766234782946,0.5471898197242842,0.3329761565595095
861,0.00043542377681973223,0.5482502651113468,0.3352246529267537
862,0.00033235914139027043,0.5514316012725344,0.3373411764961175
863,0.0004336935714604806,0.5546129374337222,0.33965093365497245
864,0.00029857016157848194,0.5471898197242842,0.33779159347241705
865,0.0003536061237127797,0.5440084835630965,0.33725497450293107
866,0.00028980829209785953,0.5387062566277837,0.33331563240769885
867,0.0003736081720091988,0.5493107104984093,0.33859196811107517
868,0.000423610382449624,0.5577942735949099,0.3421101593408852
869,0.00030538640492068226,0.5546129374337222,0.3399670514618298
870,0.00038878001059856616,0.5577942735949099,0.3409978605851962
871,0.0004919017110523782,0.5567338282078473,0.3418403963622108
872,0.00034112762832592123,0.5493107104984093,0.335658520186388
873,0.00047740400768248037,0.5408271474019088,0.33077517513188676
874,0.00039273072507057806,0.5376458112407211,0.3276518789639862
875,0.0004084756514316723,0.542948038176034,0.33255984637789215
876,0.00042237411835230885,0.5493107104984093,0.335043955450287
877,0.00024550783133321375,0.542948038176034,0.3361223515908529
878,0.0003695473010338901,0.5503711558854719,0.3403146433118299
879,0.000503694605338012,0.5567338282078473,0.34487217520782687
880,0.0003755804642423755,0.5514316012725344,0.34290409027580776
881,0.0004397936354287424,0.5387062566277837,0.3414187635816107
882,0.0005104560275867697,0.5397667020148462,0.33888102799895425
883,0.00035887223051389583,0.5355249204665959,0.3372441027155758
884,0.00037755982363307794,0.5376458112407211,0.3365057118024338
885,0.0004186804062101146,0.5355249204665959,0.34027827533691923
886,0.00040265274906232663,0.5344644750795334,0.33934796207604295
887,0.00046028807192897145,0.5387062566277837,0.3327913325698456
888,0.0004750020844895175,0.5418875927889714,0.3401705114613828
889,0.0004593717917373397,0.5365853658536586,0.337016640378588
890,0.0005642687441479666,0.5461293743372216,0.3377745282483431
891,0.000521795829331495,0.545068928950159,0.33767671324261195
892,0.0005373801697714953,0.5461293743372216,0.3355364477414026
893,0.0005937857844457994,0.5397667020148462,0.3352571577397414
894,0.0003804885890190235,0.5408271474019088,0.33193663176563243
895,0.0007746456592030882,0.5355249204665959,0.32772154966198136
896,0.0010180076639244363,0.5153764581124072,0.31399658249540824
897,0.00034541772721752295,0.5217391304347826,0.32222468928901904
898,0.00042551085144282297,0.5323435843054083,0.331043372871282
899,0.0004204777889981415,0.5249204665959704,0.32923099335935035
900,0.0003880453693000163,0.5291622481442205,0.3321887244212504
901,0.00047283442260734885,0.5227995758218452,0.3304829327736345
902,0.0004976003546289576,0.5249204665959704,0.3291447980809876
903,0.0004890398157499475,0.528101802757158,0.3313045263919568
904,0.0005501856058405252,0.5302226935312832,0.3338348497797866
905,0.00034756802164110924,0.5344644750795334,0.3352181092469325
906,0.0003592469671730214,0.5376458112407211,0.33567540942090307
907,0.0005658233920712519,0.5376458112407211,0.33587630285620185
908,0.00038643130660602764,0.5387062566277837,0.3353371765856399
909,0.0002757386459279587,0.5302226935312832,0.33564202058292913
910,0.00041211930415556707,0.5387062566277837,0.3372556199640161
911,0.00047705934975397215,0.5302226935312832,0.3335991498440633
912,0.0005002270954719279,0.5334040296924708,0.3350010768897178
913,0.0004005558733865655,0.5365853658536586,0.3356450899480061
914,0.0003665085665602419,0.5302226935312832,0.33200605946293493
915,0.0003338047941696232,0.5334040296924708,0.3339534830509448
916,0.0003356055281415138,0.5334040296924708,0.33151373004157514
917,0.0007837349820391637,0.5259809119830329,0.3341670114838914
918,0.0004617197139765494,0.5334040296924708,0.3358018794307597
919,0.00041936426080155795,0.528101802757158,0.3310024761109922
920,0.0003757549176128805,0.528101802757158,0.32992626575199097
921,0.00035575829256231375,0.5302226935312832,0.3324086183542095
922,0.00026616107070367436,0.5291622481442205,0.3320131050896639
923,0.0004210405288063157,0.528101802757158,0.33140695607557286
924,0.0004239697624484506,0.5238600212089077,0.3298243086462515
925,0.0005296972461621863,0.5270413573700954,0.3312753795564449
926,0.0003842292501531119,0.5291622481442205,0.3296118408261338
927,0.0004156542058581181,0.5291622481442205,0.33245838744417844
928,0.0004288170846692196,0.5312831389183457,0.33470799360706494
929,0.0004082463491187127,0.5302226935312832,0.33310489302770824
930,0.00046862652158807805,0.5323435843054083,0.3322879889740376
931,0.0004917256999135589,0.5365853658536586,0.33470366090861126
932,0.000605398512652755,0.5397667020148462,0.3372205281245757
933,0.000506968922933737,0.5249204665959704,0.3320264416239313
934,0.0005284494350007663,0.5355249204665959,0.33276584575652024
935,0.0004231111337247739,0.5387062566277837,0.3326828548095231
936,0.0005471939663488357,0.5344644750795334,0.32899630683484204
937,0.0004130450049501633,0.5334040296924708,0.3324059436987338
938,0.00047918651600866726,0.5302226935312832,0.3276407939660249
939,0.0006880629511783809,0.5249204665959704,0.32714631008208866
940,0.000521249362054732,0.5302226935312832,0.331003687310146
941,0.0002699566539376974,0.5291622481442205,0.32873708837640964
942,0.0003192145416619496,0.5217391304347826,0.323662522241581
943,0.00051019173822624,0.5302226935312832,0.3249204193241605
944,0.00040770223953359166,0.5344644750795334,0.326888587548208
945,0.0006177854198540445,0.5376458112407211,0.3281011353574353
946,0.00044863698446846457,0.5397667020148462,0.32955465832098907
947,0.0004569534945176201,0.5323435843054083,0.32701909449120425
948,0.0003937787411814497,0.5334040296924708,0.3261463690166782
949,0.00047434520666342903,0.5270413573700954,0.3221043937802582
950,0.00038375145559257364,0.528101802757158,0.3235088774862094
951,0.000490202858420652,0.5302226935312832,0.32606486607250945
952,0.00032851295170530646,0.5365853658536586,0.3288143090721347
953,0.0004220236969558755,0.5440084835630965,0.3310361472552491
954,0.0003706775732212009,0.5461293743372216,0.3320686756339621
955,0.0008164168205240685,0.5440084835630965,0.33387023376938596
956,0.000361738988920024,0.5482502651113468,0.3352055710278064
957,0.0005025711214557305,0.5387062566277837,0.32988075728051214
958,0.000494502756600923,0.5376458112407211,0.33212223658951606
959,0.00032411388076525327,0.5408271474019088,0.3345384328990473
960,0.00037479101353028456,0.5387062566277837,0.3376453493839408
961,0.0005770906087533944,0.5408271474019088,0.3335061523588564
962,0.0007106729319275474,0.5408271474019088,0.33356067955170493
963,0.00036545488669617046,0.5440084835630965,0.33367902697705903
964,0.00026449035603945956,0.5418875927889714,0.3316091948511902
965,0.00024589331212894195,0.5471898197242842,0.3319444186942661
966,0.00041414462117472794,0.5376458112407211,0.3279221013605038
967,0.00048084675527206857,0.5461293743372216,0.33258403329333164
968,0.0003921341901673259,0.5461293743372216,0.33205913434692136
969,0.0003023225623451253,0.542948038176034,0.3328139479576431
970,0.0010403942313345737,0.5418875927889714,0.33192178798047045
971,0.0005279586861178132,0.5408271474019088,0.33233229177749274
972,0.00038734453788720203,0.5397667020148462,0.329366867138662
973,0.0003674290906708677,0.5408271474019088,0.3281359638777345
974,0.0004180330250846964,0.542948038176034,0.32982078214667926
975,0.0003634194498090437,0.5387062566277837,0.3271996241784241
976,0.0007024356372312468,0.5323435843054083,0.3242751349237049
977,0.0005066227498900844,0.5323435843054083,0.3226357905306694
978,0.0003433230662039932,0.5344644750795334,0.32560533584342755
979,0.00048384765312619037,0.5355249204665959,0.3274321776139448
980,0.0002347499306551981,0.5323435843054083,0.32815034570962043
981,0.00045706129216398493,0.5355249204665959,0.32802298611381686
982,0.00042758777524340983,0.5355249204665959,0.32814251384255705
983,0.000429972493142472,0.5323435843054083,0.3295477295866609
984,0.00032554972856218,0.5397667020148462,0.330772151143962
985,0.00048234313122499375,0.5334040296924708,0.3307433044514457
986,0.0006042602815682585,0.5291622481442205,0.3303077202905932
987,0.0002893035255851828,0.5291622481442205,0.33122537324836543
988,0.0005850626744290822,0.528101802757158,0.3326533931155847
989,0.0003103538221370883,0.5334040296924708,0.3325575338225594
990,0.0003513367428638503,0.5334040296924708,0.33084412507208194
991,0.0005695045681534339,0.5344644750795334,0.33746034110894946
992,0.0004776314090122469,0.5355249204665959,0.3369843644822529
993,0.000725148860311009,0.5365853658536586,0.33649409569725985
994,0.0005900909284719091,0.5397667020148462,0.3378910814345666
995,0.00026306146743309,0.5376458112407211,0.3378243700304262
996,0.0004073953157330834,0.5387062566277837,0.34061453892710536
997,0.00030091451578755367,0.545068928950159,0.3421352871756343
998,0.0005504821625748946,0.5440084835630965,0.3405014731019772
999,0.0005110159490271827,0.5387062566277837,0.3367980756376498
1000,0.0003330076069005372,0.542948038176034,0.3400129011722402
1001,0.0005373182715842972,0.5355249204665959,0.3364155977516863
1002,0.0003396554853566158,0.5440084835630965,0.3439396462151308
1003,0.00031647255441384913,0.5387062566277837,0.34079086135848624
1004,0.0004910028780500397,0.5355249204665959,0.33836847711432116
1005,0.0003167951475006703,0.5302226935312832,0.33527366256040086
1006,0.0003653635591319926,0.5291622481442205,0.33454992422820556
1007,0.0005578258656655066,0.5334040296924708,0.332417060010217
1008,0.0006589838578989315,0.528101802757158,0.3321882043775247
1009,0.000239944820738458,0.5344644750795334,0.3329485044835885
1010,0.00040050009397383233,0.528101802757158,0.3284135350110403
1011,0.0006839267855383469,0.5259809119830329,0.3310819433279916
1012,0.0007800019788859914,0.5227995758218452,0.33238169197321726
1013,0.00046081964219943925,0.5323435843054083,0.3349203056068995
1014,0.000803006163100406,0.5270413573700954,0.3307102147953667
1015,0.0005488249923132571,0.5344644750795334,0.3362510755273507
1016,0.0007607686368125144,0.528101802757158,0.3316763107930614
1017,0.0006788164831291965,0.5302226935312832,0.33301091435575997
1018,0.00043110331448245956,0.5238600212089077,0.3316523254253983
1019,0.0004781707996926343,0.5323435843054083,0.3318914600989855
1020,0.00041556414621481965,0.5249204665959704,0.3262656272823231
1021,0.0003561119443929783,0.5227995758218452,0.3290209299142064
1022,0.00045951822566934195,0.5153764581124072,0.32497579947143124
1023,0.0004185411876477474,0.5217391304347826,0.32908133252600896
1024,0.0003713931014658556,0.5217391304347826,0.33246618880907663
1025,0.0004894056535704294,0.5238600212089077,0.3335992987280602
1026,0.00045958161678640865,0.5196182396606575,0.3286613419376245
1027,0.0004885164908710494,0.5217391304347826,0.3311886236896196
1028,0.0003100280174507475,0.5217391304347826,0.3327597575302504
1029,0.0006722557371148241,0.5270413573700954,0.3302933555234076
1030,0.0002933970627129412,0.528101802757158,0.3314115460352917
1031,0.00033828579886474586,0.5312831389183457,0.334738469910949
1032,0.00035227134640081204,0.5291622481442205,0.3360145545690134
1033,0.000353929637640249,0.5334040296924708,0.3335606992600427
1034,0.00036577171181590985,0.5291622481442205,0.3345443092072583
1035,0.0003750452810692195,0.5291622481442205,0.335366329572206
1036,0.0003850703681223422,0.5196182396606575,0.33205128892072316
1037,0.0003181705485928887,0.5217391304347826,0.33211760929823597
1038,0.00030790857617830626,0.528101802757158,0.3347587242646087
1039,0.00033622053251747275,0.5270413573700954,0.33730574321774925
1040,0.00047603322999805185,0.5238600212089077,0.3333778752868757
1041,0.00040365093759078265,0.5344644750795334,0.3395680035450844
1042,0.000394304941137591,0.5323435843054083,0.33619425208834525
1043,0.00035383485871989253,0.5323435843054083,0.3342416347691687
1044,0.0005336860207080463,0.5312831389183457,0.3313002360207743
1045,0.00032891188376424905,0.5344644750795334,0.336280914349921
1046,0.00038976023034820173,0.5323435843054083,0.3363873731923101
1047,0.00036282939372824787,0.5355249204665959,0.34047668435219053
1048,0.00044269548770046183,0.5302226935312832,0.33640177410391625
1049,0.0005350964822355309,0.5355249204665959,0.33808803695556033
1050,0.0004991130465896276,0.5344644750795334,0.3379586720457188
1051,0.0004281694810799763,0.5334040296924708,0.33586279817508613
1052,0.0005414087180895422,0.5365853658536586,0.3380489189637003
1053,0.0003150317497670585,0.5334040296924708,0.3361126128511545
1054,0.0003693766286914979,0.5323435843054083,0.33395683701361306
1055,0.00035704290480680355,0.528101802757158,0.33331380333095495
1056,0.00046681458877628756,0.5270413573700954,0.3354206299377145
1057,0.00017201754442339734,0.5291622481442205,0.3378016813558145
1058,0.0005700372459429559,0.5302226935312832,0.33690230188926085
1059,0.0005050399488641943,0.5302226935312832,0.33706599323429787
1060,0.0004605579217951572,0.5323435843054083,0.3370871645973471
1061,0.0003503967153733356,0.5334040296924708,0.3404371645314091
1062,0.000350899879475719,0.5323435843054083,0.33703121005380837
1063,0.0003342520864407561,0.5334040296924708,0.3379941713064076
1064,0.0002382732305591162,0.5365853658536586,0.3375696790659687
1065,0.0002849887822080177,0.5355249204665959,0.3400503222161322
1066,0.0003298730369692748,0.5365853658536586,0.3404862337961314
1067,0.0003567100115589028,0.5355249204665959,0.33868280194968603
1068,0.00030474813866590014,0.5344644750795334,0.33983190756761117
1069,0.00036641675999931066,0.5291622481442205,0.33716747136653236
1070,0.0005498807051473875,0.5174973488865323,0.3311797271739618
1071,0.0003785232035582453,0.5227995758218452,0.3314118031849023
1072,0.0005563224891091068,0.5196182396606575,0.3329221854717527
1073,0.00036636589505860683,0.5259809119830329,0.3322222337768834
1074,0.000495842260528434,0.5312831389183457,0.33829231657602216
1075,0.0004646526818662622,0.5196182396606575,0.3311847402535747
1076,0.00063606011103019,0.5259809119830329,0.33713716105887576
1077,0.00041852844088339223,0.5323435843054083,0.3377432233280918
1078,0.0004877646582485795,0.5334040296924708,0.3387641059331493
1079,0.0002693470347821858,0.5376458112407211,0.34107729576534784
1080,0.00044867166373485645,0.5312831389183457,0.33915531312237945
1081,0.00024634790649429305,0.5387062566277837,0.3414027897986733
1082,0.0004709637119049148,0.542948038176034,0.3448397333690236
1083,0.00029231951638735153,0.5387062566277837,0.34339604989701455
1084,0.00037976705128528465,0.545068928950159,0.34286523777486244
1085,0.0002950623272795383,0.5408271474019088,0.3426799078298449
1086,0.00026780013582836657,0.5387062566277837,0.34319321331034597
1087,0.0004343501835933239,0.5408271474019088,0.34122951039616456
1088,0.0002789480686267609,0.5397667020148462,0.3411692084605314
1089,0.00026803896726619315,0.5418875927889714,0.3424193763249653
1090,0.0003732302620335304,0.5493107104984093,0.3429126853021607
1091,0.0004026561370807258,0.5418875927889714,0.34035495523207054
1092,0.0003615527531593443,0.5514316012725344,0.34541612996477955
1093,0.00030785109236148857,0.5535524920466596,0.3438333895108996
1094,0.0001844555594473718,0.5493107104984093,0.3401407154620724
1095,0.0002678591448784573,0.5408271474019088,0.3379254451561482
1096,0.00032338348115956705,0.5355249204665959,0.3362823685656634
1097,0.0004138519113610073,0.5397667020148462,0.3380635282351963
1098,0.00027020322133921584,0.5365853658536586,0.33719769806409206
1099,0.0004295413539011861,0.5397667020148462,0.3370265103830055
1100,0.0003928840033040615,0.5334040296924708,0.33326805009412686
1101,0.00041323670053543536,0.5344644750795334,0.3377086246132437
1102,0.00039106666813495396,0.5355249204665959,0.3369864275734013
1103,0.0005166274881673871,0.5334040296924708,0.3365227964458002
1104,0.00039280890306372387,0.5408271474019088,0.34088267617876267
1105,0.00040838264308717953,0.5376458112407211,0.34050112637176183
1106,0.0005879418726181029,0.5312831389183457,0.33639054437368504
1107,0.00036904611998522796,0.5397667020148462,0.3436977242831764
1108,0.00039134694218319056,0.5334040296924708,0.3413335245935951
1109,0.0004366470885614149,0.528101802757158,0.34046938702580815
1110,0.0003298750650145621,0.5355249204665959,0.3425593194650394
1111,0.0004046778811357399,0.5291622481442205,0.3395025850320503
1112,0.00033617127107277156,0.5259809119830329,0.33632823361940734
1113,0.00025041223500466003,0.5270413573700954,0.33697321548727605
1114,0.00035834156738019375,0.5365853658536586,0.3408762173203234
1115,0.0003301162541418989,0.5418875927889714,0.34135561575376877
1116,0.00040195008955663526,0.5418875927889714,0.34104353976623014
1117,0.00046211589838325297,0.5397667020148462,0.3416241487620665
1118,0.0005204785524341559,0.5418875927889714,0.3401076740037123
1119,0.000329637411391559,0.5365853658536586,0.3377582546058138
1120,0.00025798702590122956,0.5344644750795334,0.3349889510499334
1121,0.0004245238684859487,0.5323435843054083,0.3344420975071152
1122,0.0003208018503187304,0.5376458112407211,0.33585817468793694
1123,0.0006119289597279476,0.542948038176034,0.3362379268913655
1124,0.0003874081517324157,0.5408271474019088,0.3392209952875078
1125,0.00027111665233405804,0.5397667020148462,0.3369816805599278
1126,0.0003620694034566441,0.5387062566277837,0.3348195664723029
1127,0.0007168252325897128,0.5418875927889714,0.33599746031082134
1128,0.0003361720175917071,0.5365853658536586,0.3345397463826718
1129,0.0003367927524323022,0.5376458112407211,0.33842864952531393
1130,0.0005392439828142415,0.5408271474019088,0.3329325686462261
1131,0.00026245080521363205,0.5408271474019088,0.33552792288844674
1132,0.0005173851386984119,0.5440084835630965,0.3389810801024102
1133,0.0003175039334223584,0.5376458112407211,0.3349745475561001
1134,0.0002499143063488418,0.5334040296924708,0.3340812481728938
1135,0.00036782199024401054,0.5376458112407211,0.3362137070872957
1136,0.0003157293335647182,0.5418875927889714,0.33529888812172143
1137,0.00028239152870810356,0.5334040296924708,0.3335649430954307
1138,0.0004583219794731974,0.5376458112407211,0.3323669887790646
1139,0.00039968627302329197,0.5344644750795334,0.33418446557084097
1140,0.0002640546614987471,0.5365853658536586,0.33669325299121555
1141,0.00040325701653500803,0.5365853658536586,0.33812946098014873
1142,0.00030131462082181313,0.5397667020148462,0.3371622491589549
1143,0.00037197130001231926,0.5365853658536586,0.3366936208383426
1144,0.00032399905559969965,0.5418875927889714,0.3398678668991372
1145,0.00031460023581502127,0.542948038176034,0.3372269586088828
1146,0.00038945665501159964,0.5387062566277837,0.3383619366894951
1147,0.00036665945563072453,0.5387062566277837,0.33652645191550506
1148,0.0004483379181138503,0.5387062566277837,0.33897484545907713
1149,0.0005941575544042621,0.5397667020148462,0.34017927898185074
1150,0.00046634653781438826,0.5387062566277837,0.3408616142548744
1151,0.00046814394409011584,0.5344644750795334,0.338250848457778
1152,0.00042356657322670797,0.5397667020148462,0.34075210533357997
1153,0.00041967476056683497,0.5355249204665959,0.335987735373482
1154,0.00028997436621978066,0.5365853658536586,0.33830369780892017
1155,0.00039399781476276983,0.5270413573700954,0.3385557213192168
1156,0.0004224883371989563,0.5090137857900318,0.3201495706041482
1157,0.00043550537848489055,0.5196182396606575,0.3312928468585558
1158,0.00026915594910619233,0.5259809119830329,0.33695987968207813
1159,0.0002980123596017847,0.528101802757158,0.33602165789039184
1160,0.0005000777989067728,0.5323435843054083,0.33589984624502567
1161,0.00019104720412315145,0.5312831389183457,0.3351999949588607
1162,0.00048031480232566535,0.5323435843054083,0.3366272784232575
1163,0.00038328358690975506,0.5270413573700954,0.3344493822502111
1164,0.000565074791059672,0.5344644750795334,0.33868728944514526
1165,0.000200429440701555,0.5355249204665959,0.33741827878146236
1166,0.00026701477619326395,0.5344644750795334,0.3388177084259369
1167,0.00034010568792268713,0.5387062566277837,0.3441726075355281
1168,0.0004847482974156492,0.5270413573700954,0.336793223025243
1169,0.00036627946572025393,0.5344644750795334,0.3419953239803956
1170,0.00033743740551699374,0.5334040296924708,0.3406271262304805
1171,0.0004883732984581002,0.5418875927889714,0.34391216866752367
1172,0.0003702987030237637,0.5440084835630965,0.3466556157070916
1173,0.0002588503420668076,0.5355249204665959,0.3407753627960703
1174,0.00041555805105417674,0.5312831389183457,0.33691182378480555
1175,0.00038238695710788304,0.5302226935312832,0.3368923275370295
1176,0.0005976735687013956,0.5238600212089077,0.332615236482763
1177,0.00032557317758090675,0.5238600212089077,0.3329370315769865
1178,0.00039817277405234107,0.528101802757158,0.3410926672752403
1179,0.0003234236240672317,0.5334040296924708,0.3406508968844957
1180,0.0002526062455899591,0.5227995758218452,0.33801400217387834
1181,0.0003257400817233247,0.5397667020148462,0.34166959318775647
1182,0.0003535393156369082,0.5302226935312832,0.3384967276616312
1183,0.000291099847128784,0.5227995758218452,0.33402582238362316
1184,0.00038508335492792867,0.5302226935312832,0.334675563519277
1185,0.00034586732153911725,0.5270413573700954,0.3336937499409599
1186,0.00040968425358229866,0.5323435843054083,0.33616279498633944
1187,0.0004205657381589845,0.5291622481442205,0.33666972461877814
1188,0.000283572951707356,0.5344644750795334,0.33761188189219465
1189,0.00029780660729556986,0.5397667020148462,0.33880667423410155
1190,0.00031971037255971166,0.5418875927889714,0.33887156612563063
1191,0.0004580920547198275,0.5355249204665959,0.33759603277730205
1192,0.00024980786120067935,0.542948038176034,0.3391590861314064
1193,0.00030719371886789304,0.5355249204665959,0.336665583643198
1194,0.0003423696262643716,0.545068928950159,0.3368331185547836
1195,0.0002876233994584254,0.5387062566277837,0.3352121844921391
1196,0.0003091483689530605,0.5312831389183457,0.3355994199217086
1197,0.00024922328236733906,0.5323435843054083,0.3326894463496968
1198,0.0006928936633244121,0.5217391304347826,0.32988419947789444
1199,0.00037782290410177667,0.5259809119830329,0.3305005854865737
1200,0.0004506020561338531,0.5355249204665959,0.339973856769748
1201,0.0003488383003286799,0.5387062566277837,0.3401445817373111
1202,0.0002904616344949318,0.5397667020148462,0.34036700255576224
1203,0.00029913460467980715,0.5440084835630965,0.3426771202623578
1204,0.00043779834186352673,0.5376458112407211,0.3397256545070547
1205,0.0004348197387912478,0.5440084835630965,0.34085421097566865
1206,0.0004801125245194271,0.5355249204665959,0.3369329727915982
1207,0.00035522716081892725,0.5397667020148462,0.3405633416413357
1208,0.000245296273361717,0.5376458112407211,0.34019830155591596
1209,0.00036177607559579884,0.5323435843054083,0.3392457215950309
1210,0.0002827927400176122,0.5397667020148462,0.3427129541343151
1211,0.00035628882420155603,0.5302226935312832,0.3356627241099637
1212,0.0004082142705513547,0.5387062566277837,0.337843282243096
1213,0.0002582843730237983,0.5355249204665959,0.33790524641926534
1214,0.00029652120241223655,0.5387062566277837,0.3387082060819803
1215,0.00032938570909664123,0.5376458112407211,0.3385466448909111
1216,0.0002997580239764375,0.5344644750795334,0.33784639823887697
1217,0.0006233444889927498,0.5344644750795334,0.3329193650452645
1218,0.000428276745007139,0.5334040296924708,0.33352999023294494
1219,0.00030969285253377163,0.545068928950159,0.3357208993306771
1220,0.0003355288667307832,0.545068928950159,0.33391273731240123
1221,0.00029624343125078667,0.5514316012725344,0.3353540756139315
1222,0.00036203930627607404,0.5418875927889714,0.3324529482435481
1223,0.00040273285729526266,0.5471898197242842,0.33577813476912455
1224,0.00028752058053100883,0.5503711558854719,0.3390483362044657
1225,0.0003267208455127957,0.5514316012725344,0.3387545306731555
1226,0.00035518456121650386,0.545068928950159,0.32997530779750534
1227,0.0004796949647112747,0.5418875927889714,0.3336996946698099
1228,0.00033159428434714755,0.5471898197242842,0.33523281207566763
1229,0.00029376398656069116,0.5493107104984093,0.33279128153185933
1230,0.00028524228328024036,0.545068928950159,0.3334539263573681
1231,0.00043003358702424775,0.5503711558854719,0.33728823881886566
1232,0.000573151862269583,0.5524920466595971,0.3390934092635781
1233,0.000269921711254284,0.545068928950159,0.34115698693026575
1234,0.00038242749262167307,0.5514316012725344,0.34434547769129187
1235,0.0003365685967793297,0.5546129374337222,0.347394139186446
1236,0.0005619857952538609,0.5524920466595971,0.3433026475482087
1237,0.00039141519987149207,0.5482502651113468,0.34054629192341973
1238,0.00029411713745446376,0.5493107104984093,0.3389328630042489
1239,0.0005868011724146527,0.5471898197242842,0.34173431487375233
1240,0.000364683831580237,0.5397667020148462,0.33537282781377437
1241,0.00025641851701934114,0.545068928950159,0.33907840149606855
1242,0.0002769654158726098,0.542948038176034,0.3390826855245496
1243,0.0004232035207962781,0.5408271474019088,0.3381465426011037
1244,0.0004877773629488047,0.5365853658536586,0.335922683755384
1245,0.0003205935003052218,0.5387062566277837,0.3357894204822423
1246,0.0002882542068157079,0.5418875927889714,0.33485841776621333
1247,0.00035909351245209107,0.5334040296924708,0.3305543680500792
1248,0.0003628005187181316,0.5334040296924708,0.32904177779520327
1249,0.0003369810775154747,0.5302226935312832,0.32754750578496206
1250,0.00031683435549325625,0.5291622481442205,0.32618423211690345
1251,0.0005547858271746975,0.5323435843054083,0.3288867562784618
1252,0.0004097885857589745,0.5355249204665959,0.3282874328279715
1253,0.0003066223253881617,0.5365853658536586,0.33219619369769876
1254,0.00015245035492625903,0.5355249204665959,0.33266536457524437
1255,0.00039219055215484745,0.5334040296924708,0.32807234667162166
1256,0.00033487831227745345,0.5397667020148462,0.33412704476189775
1257,0.00042356974842689966,0.5334040296924708,0.32974223837487265
1258,0.0005962235362133583,0.5355249204665959,0.33221578301966265
1259,0.00024813211206549114,0.5344644750795334,0.3335705975955898
1260,0.000309455256586233,0.5387062566277837,0.3378117032922989
1261,0.0003385703940836038,0.5376458112407211,0.3356432097705758
1262,0.00028441411852462293,0.5397667020148462,0.3375947802769859
1263,0.00042744127493392624,0.5365853658536586,0.3332978395284925
1264,0.000301360699830866,0.542948038176034,0.3406087542215155
1265,0.0003031184355791083,0.5355249204665959,0.3363820263880678
1266,0.00042798255129241627,0.5376458112407211,0.3395642979725176
1267,0.00035812926420248915,0.5387062566277837,0.33803783587892844
1268,0.00024161505345716706,0.5418875927889714,0.3366618189698131
1269,0.00039467369597332433,0.5397667020148462,0.33662495844834506
1270,0.0004968661537986918,0.5397667020148462,0.3359439467200743
1271,0.00029887182042234175,0.542948038176034,0.33858801247952175
1272,0.0002699924419061972,0.5387062566277837,0.3366282021741013
1273,0.0003910106475871089,0.5440084835630965,0.33824984827684773
1274,0.00028818109907149394,0.5376458112407211,0.33788497493249375
1275,0.00048198747631431613,0.5418875927889714,0.3397087256580203
1276,0.000350253376112164,0.5408271474019088,0.337832075399536
1277,0.00034720455103745,0.5471898197242842,0.3410052793631046
1278,0.0003303971747300238,0.5556733828207847,0.34389376690172024
1279,0.00041242190780224066,0.559915164369035,0.34394266682562474
1280,0.00019291034925572603,0.5524920466595971,0.3417637548835471
1281,0.000346875066281882,0.5514316012725344,0.34411732549427737
1282,0.0004440650758978038,0.5514316012725344,0.34540163754825304
1283,0.00022189194214661256,0.5524920466595971,0.34347517635480396
1284,0.00047877668343403456,0.5493107104984093,0.34242163563505856
1285,0.00024389099496602284,0.5482502651113468,0.3431862064362771
1286,0.0002840933335050977,0.5524920466595971,0.3433391191891812
1287,0.00040015399978301505,0.5535524920466596,0.3460708323992369
1288,0.0005374103871947256,0.5609756097560976,0.3470775291622196
1289,0.00033932114889836387,0.5577942735949099,0.34557637789594897
1290,0.0002980545157310388,0.5620360551431601,0.34961242256034
1291,0.00037945550155509266,0.5662778366914104,0.3504788998540958
1292,0.0002235787507970599,0.5620360551431601,0.3476648964598342
1293,0.000379048921854519,0.5503711558854719,0.34216035651417637
1294,0.0002899341474631001,0.5577942735949099,0.34521103317773977
